Topic,Difficulty,Question,Answer
Wine Basics,Easy,What is wine?,Wine is fermented grape juice
Wine Basics,Easy,What are the two principal types of grapes?,White grapes and black grapes
Wine Basics,Easy,What do black grapes have that contain tannins?,Dark skins that contain tannins
Wine Basics,Easy,What can tannins do to your mouth?,Tannins can make the mouth dry
Wine Basics,Easy,What kind of skin do white grapes have?,White grapes have golden skin
Wine Basics,Easy,Does pulp color differ between grape types?,"No, pulp color is the same no matter what type"
Wine Basics,Easy,What do grapes contain?,"Grapes contain grape juice (water, sugar, & acid)"
Wine Basics,Medium,What is alcoholic fermentation?,Sugar + yeast -> alcohol fermentation -> alcohol + carbon dioxide
Wine Basics,Easy,How is alcohol measured in wine?,Measured by alcohol by volume (ABV)
Growing Grapes,Medium,What produces fruit on grape vines?,Grape vines produce fruit
Growing Grapes,Medium,How long can grape vines live?,Can live for several decades
Growing Grapes,Medium,When do grape vines reach maturity?,Reach maturity after a couple years then produce every year
Growing Grapes,Medium,When do grape vine flowers appear?,Grape vine flowers in spring
Growing Grapes,Medium,What happens to flowers during summer?,Flowers become grapes and ripen during summer and are picked in late summer
Growing Grapes,Medium,What are the two stages of grape development?,Two stages: Flowering & Ripening
Growing Grapes,Hard,What happens after flowering?,After flowering grapes become hard & green
Growing Grapes,Medium,What happens as grapes ripen?,As grapes ripen they swell with water
Growing Grapes,Hard,What happens to sugar levels as grapes ripen?,Sugar levels rise
Growing Grapes,Hard,What happens to acid levels as grapes ripen?,Acid levels fall
Growing Grapes,Hard,What happens to flavors as grapes ripen?,Flavors become riper
Growing Grapes,Medium,What color change occurs in white grape skins?,White grape skins change from green to golden
Growing Grapes,Medium,What color change occurs in black grape skins?,Black grape skins change from green to purple
Climate - Cool,Medium,What do grapes need to grow?,Grapes need right levels of sunlight & heat
Climate - Cool,Medium,What else do grapes need from winter?,Need winter cold enough to let rest
Climate - Cool,Medium,What type of climates are considered cool?,Cool climates
Climate - Cool,Easy,What are examples of cool climate regions?,Germany & Northern France (ex: Bordeaux)
Climate - Cool,Medium,What are temperature characteristics of cool climates?,Average temps are low & sunlight weaker
Climate - Cool,Easy,What grapes are common in cool climates?,Common to grow white grapes
Climate - Warm,Easy,What are examples of warm climate regions?,Ports of Australia & California (ex: Napa Valley)
Climate - Warm,Medium,What are temperature characteristics of warm climates?,Average temps high & sunlight intense
Climate - Warm,Easy,What grapes are common in warm climates?,Common to grow black grapes
Climate - Temperature Effects,Medium,What does cooler temperature mean for sugar and acidity?,"The colder, the lower levels of sugar & the higher levels of acidity"
Climate - Temperature Effects,Medium,What does warmer temperature mean for sugar and acidity?,"The warmer, the higher levels of sugar & lower levels of acidity. Flavors also riper."
Making Wine - White,Medium,How is white wine made?,White wines: Crushing -> Pressing -> Fermentation (Stainless Steel or oak) -> Maturation (Stainless Steel or oak) -> Bottling
Making Wine - Red/Rosé,Medium,How is red/rosé wine made?,Red/Rosé: Crushing -> Fermentation -> Draining
Making Wine - Red/Rosé,Medium,When does fermentation finish for reds?,When fermentation finished for reds
Making Wine - Red/Rosé,Hard,What happens after only a few hours for rosés?,After only a few hours for rosés
Making Wine - Red/Rosé,Medium,What happens for rosé to finish fermentation?,Finishes fermentation w/o skins
Making Wine - Red/Rosé,Medium,What are the steps after draining for red wine?,Pressing → Maturation (Stainless Steel or oak)
Making Wine - Red/Rosé,Medium,Where is rosé rarely stored?,Rosé rarely stored in oak
Making Wine - Red/Rosé,Medium,Where is rosé typically bottled?,Bottling
Wine Types - Still,Medium,What are still wines?,Majority of wines
Wine Types - Still,Medium,What is the ABV range for still wines (majority)?,Between 8-15% ABV (majority 11.5-14% ABV)
Wine Types - Still,Medium,Can still wines be named for the region they are produced?,Can be named for region they are produced
Wine Types - Still,Easy,What are examples of region-named wines?,"Ex: Sancerre/Burgundy (France), Rioja (Spain), & Chianti (Italy)"
Wine Types - Still,Medium,Can wines be named after grape variety used?,Can be named after grape variety used to make them
Wine Types - Still,Medium,What is an example of a grape variety-named wine?,Ex: Pinot Grigio
Wine Types - Sparkling,Medium,What are sparkling wines?,Bubbly/fizzy wines
Wine Types - Sparkling,Easy,What are examples of sparkling wines?,"Ex: Champagne (France), Cava (Spain), & Prosecco (Italy)"
Wine Types - Fortified,Medium,What are fortified wines?,Extra alcohol added
Wine Types - Fortified,Medium,What is the ABV range for fortified wines?,15-22% ABV
Wine Types - Fortified,Easy,What are examples of fortified wines?,Ex: Sherry (Spain) & Port (Portugal)
Wine Styles,Medium,What defines wine styles?,"Combination of color, structural characteristics, aromas, & flavors"
Wine Styles - Color,Medium,What are the color categories for wine?,"White, Red, Rosé"
Wine Styles - White,Easy,What grapes can white wine be made from?,"Ex: Chablis (France), wines made from Riesling grape"
Wine Styles - White,Medium,Can white wine be made from black grapes?,"Yes, can be made from black grapes if skins separated from juice before fermentation"
Wine Styles - Red,Easy,What grapes must red wine be made from?,Must be made from black grapes
Wine Styles - Red,Easy,What are examples of red wines?,"Ex: Rioja (Spain), wines made from Cabernet Sauvignon grape"
Wine Styles - Rosé,Medium,What is a rosé wine also known as?,"Rosé (also called ""blush"")"
Wine Styles - Rosé,Easy,What grapes is rosé made from?,Made from black grapes
Wine Styles - Rosé,Medium,How long is juice in contact with skins for rosé?,Juice only in contact w/ skins for a short time
Wine Styles - Rosé,Medium,What is an example of a rosé wine?,Ex: White Zinfandel
Wine Styles - Structure - Sweetness,Medium,What are the structural characteristics?,"Sweetness, Dry, Most wines are dry"
Wine Styles - Structure - Sweetness,Medium,What wines are typically dry?,"Ex: Chablis (France), & wine made from Sauvignon Blanc"
Wine Styles - Structure - Dry Reds,Easy,What are examples of dry red wines?,"Ex: Côtes du Rhône (France), Chianti (Italy), wines made from Cabernet Sauvignon"
Wine Styles - Structure - Medium,Medium,What defines medium wines?,Usually white or rosé
Wine Styles - Structure - Medium,Medium,How are medium wines made?,Ways to make medium: yeast stops fermenting before they eat all the sugar
Wine Styles - Structure - Medium,Medium,How are fortified wines made sweet?,"For fortified wines, high-strength alcohol added before yeast"
Wine Styles - Structure - Medium,Easy,What are examples of medium wines?,Ex: some Riesling (Germany) & White Zinfandel (rosé) from California
Wine Styles - Structure - Sweet,Medium,Can sweet wines feel thick & syrupy?,Can feel thick & syrupy
Wine Styles - Structure - Sweet,Medium,What are ways to make sweet wines?,Ways to make sweet: yeast stops fermenting before they eat all the sugar
Wine Styles - Structure - Sweet,Easy,What are examples of sweet wines?,"Ex: Sauternes (France), some Riesling (Germany), Port, & Sherry"
Wine Styles - Structure - Acidity,Medium,Where does acidity come from?,Comes directly from grape juice
Wine Styles - Structure - Acidity,Medium,What does wine acidity give?,Gives wine refreshing characteristic
Wine Styles - Structure - Acidity,Medium,What does acidity do to your mouth?,Makes your mouth water
Wine Styles - Structure - Acidity,Medium,When do too acidic tastes become unpleasant?,"Too acidic tastes unpleasant, not enough & it's not refreshing"
Wine Styles - Structure - Acidity,Easy,What are examples of high acidity wines?,"Ex. high acidity: Chablis, Chianti, & wines made from Sauvignon Blanc, Riesling, Cabernet Sauvignon, or Pinot Noir varieties"
Wine Styles - Structure - Acidity,Medium,What does high acidity balance?,Balances out sweetness
Wine Styles - Structure - Tannin,Medium,Where does tannin come from?,Comes from skins of red wines
Wine Styles - Structure - Tannin,Hard,How does tannin taste?,Can taste bitter but more a feel than a taste
Wine Styles - Structure - Tannin,Medium,What does tannin cause your mouth to do?,Cause your mouth to feel dry
Wine Styles - Structure - Tannin,Easy,What are examples of high tannin wines?,Ex: red Bordeaux (France) & Chianti (Italy)
Wine Styles - Structure - Tannin,Easy,What are examples of low tannin wines?,Ex low: Beaujolais (France) & some Pinot Noir
Wine Styles - Structure - Alcohol,Medium,What is the ABV range for most wines (except fortified)?,Anywhere from 8-15% (except for fortified) but usually between 11.5-14%
Wine Styles - Structure - Alcohol,Easy,What are examples of high alcohol wines?,Ex high level: Châteauneuf-du-Pape (France)
Wine Styles - Structure - Alcohol,Easy,What are examples of low alcohol wines?,"Ex low level: White, Zinfandel (California)"
Wine Styles - Structure - Body,Medium,What is body in wine?,Overall mouthfeel
Wine Styles - Structure - Body,Easy,What are examples of light-bodied wines?,Ex light-bodied: Pinot Grigio (Italy) & Beaujolais
Wine Styles - Structure - Body,Easy,What are examples of medium-bodied wines?,Ex medium-bodied: Sancerre & Côtes du Rhône
Wine Styles - Structure - Body,Easy,What are examples of full-bodied wines?,Ex full-bodied: Cabernet Sauvignon (California) & Sauternes
Aromas & Flavors - Fruit,Medium,Are fruit aromas present in many wines?,Present in many wines
Aromas & Flavors - Fruit,Hard,What influences fruit aromas?,Influenced by ripeness of the grape
Aromas & Flavors - Fruit,Medium,What fruit aromas does Cabernet Sauvignon have?,Ex: Cabernet Sauvignon has blackcurrant aromas
Aromas & Flavors - Fruit,Medium,What fruit aromas can Chardonnay have in cool climates?,Chardonnay grown in cool climates can have green fruits (ex: apple) or citrus (ex: lemon)
Aromas & Flavors - Fruit,Medium,What fruit aromas can Chardonnay have in warm climates?,Chardonnay grown in warm climates shows stone fruits (peach) or tropical fruits (pineapple)
Aromas & Flavors - Oak,Medium,What can wine be fermented or matured in?,Wine can be fermented or matured in oak
Aromas & Flavors - Oak,Medium,What flavors does oak give wine?,"Gives wine flavors of cedar, cloves, coconut, smoke, & vanilla"
Aromas & Flavors - Other,Medium,What are other examples of aromas?,"Ex: grass, flowers, herbs, vegetables, earth, mushroom, & leather"
Grape Varieties - White - Chardonnay,Medium,How popular is Chardonnay?,Most popular & widely grown
Grape Varieties - White - Chardonnay,Medium,Can Chardonnay produce dry wines in variety of styles?,Can produce dry wines in a variety of styles
Grape Varieties - White - Chardonnay,Medium,What is Chardonnay like in cool climates?,"In cool climates, wines are high in acidity, light-to-medium-bodied, & have green fruit or citrus aromas"
Grape Varieties - White - Chardonnay,Medium,What is Chardonnay like in warm climates?,"In warm climates, have medium acidity, medium-to-full-body with stone fruit & tropical fruit flavors"
Grape Varieties - White - Chardonnay,Medium,Where is Chardonnay used for white wines?,Used for the white wines of Burgundy (France) (ex: Chablis)
Grape Varieties - White - Chardonnay,Medium,What characteristics do Chablis Chardonnays have?,"Medium-bodied, high acidity, aromas of citrus & stone fruit. May have notes of vanilla from maturation in oak."
Grape Varieties - White - Chardonnay,Easy,Where do Chablis wines come from?,The wines from Chablis come from the coolest part of Burgundy & have high acidity & a light to medium body with flavors of green fruits & citrus. These are typically unoaked.
Grape Varieties - White - Chardonnay,Medium,Where else is Chardonnay produced?,Australia & California also known for production
Grape Varieties - White - Chardonnay,Medium,Can Chardonnay be used in making Champagne?,Can be used in making Champagne where it is often mixed with Pinot Noir
Grape Varieties - White - Sauvignon Blanc,Medium,What kind of wines does Sauvignon Blanc produce?,Produces dry wines that have a pronounced intensity of aromas & refreshingly high acidity
Grape Varieties - White - Sauvignon Blanc,Medium,What is the body range for Sauvignon Blanc?,Light-to-medium-bodied with aromas that range from green fruit (apple) to citrus (grapefruit) to tropical (passion fruit)
Grape Varieties - White - Sauvignon Blanc,Medium,What herbaceous notes does Sauvignon Blanc tend to have?,"Tend to have herbaceous notes (asparagus, green bell pepper/capsicum, grass)"
Grape Varieties - White - Sauvignon Blanc,Medium,Is Sauvignon Blanc often fermented in stainless steel?,Often fermented in stainless steel tanks & usually not in oak to retain aromas
Grape Varieties - White - Sauvignon Blanc,Medium,What are popular examples of Sauvignon Blanc?,Popular ex: New Zealand Sauvignon Blanc & Sancerre from France
Grape Varieties - White - Pinot Grigio,Medium,How popular is Pinot Grigio?,Very popular grape variety that produces wines
Grape Varieties - White - Pinot Grigio,Medium,What is the acidity and body of Pinot Grigio?,Medium to high acidity light body & simple flavors of pear & lemon
Grape Varieties - White - Pinot Grigio,Medium,Is Pinot Grigio typically dry?,Typically dry
Grape Varieties - White - Pinot Grigio,Medium,Is Pinot Grigio usually fermented in stainless steel?,Usually fermented in stainless steel tanks instead of oak to retain fruity flavors
Grape Varieties - White - Pinot Grigio,Medium,Where is Pinot Grigio mainly associated with?,Mainly associated w/ Italy but also grown in other countries
Grape Varieties - White - Riesling,Medium,What kind of wines does Riesling produce?,"Produces wines that range from dry to sweet, but all have high levels of acidity. This can help to balance the sweetness."
Grape Varieties - White - Riesling,Medium,What aromas does Riesling have?,Pronounced aromas ranging from: floral & green fruits (apple) to citrus (lemon & lime) to stone fruits (peach & apricot)
Grape Varieties - White - Riesling,Medium,What is the body range for Riesling?,Light-to-medium bodied
Grape Varieties - White - Riesling,Medium,Is Riesling often fermented in stainless steel?,Often fermented in stainless steel & not matured in oak
Grape Varieties - White - Riesling,Medium,Where is Riesling considered a classic grape?,Classic grape of Germany & can be dry to sweet
Grape Varieties - White - Riesling,Medium,What do Alsace and Australia produce for Riesling?,Alsace (France) & Australia produce dry style
Grape Varieties - Black - Cabernet Sauvignon,Medium,Where is Cabernet Sauvignon planted?,Widely planted around the world
Grape Varieties - Black - Cabernet Sauvignon,Medium,What kind of wines does Cabernet Sauvignon produce?,Produces dry wines w/ high levels of tannins & acidity
Grape Varieties - Black - Cabernet Sauvignon,Medium,What is the body range for Cabernet Sauvignon?,Can range from medium-to-full-bodied
Grape Varieties - Black - Cabernet Sauvignon,Medium,What fruit aromas & flavors does Cabernet Sauvignon have?,"Aromas & flavors of black fruits (blackcurrant, black cherry) & herbaceous notes (green bell pepper/capsicum, mint)"
Grape Varieties - Black - Cabernet Sauvignon,Medium,Are high tannin Cabernet Sauvignons often blended?,High levels of tannins so often blended w/ other varieties
Grape Varieties - Black - Cabernet Sauvignon,Medium,What is an example of blending with Cabernet Sauvignon?,Ex: Merlot in Bordeaux which adds softness & body
Grape Varieties - Black - Cabernet Sauvignon,Medium,Where is Cabernet Sauvignon grown widely?,"Grown widely in California, Australia, Chile, & South America"
Grape Varieties - Black - Cabernet Sauvignon,Medium,Is Cabernet Sauvignon sometimes blended with Shiraz in Australia?,Sometimes blended w/ Shiraz in Australia which adds aromas of spice
Grape Varieties - Black - Merlot,Medium,What kind of wine is Merlot?,Generally dry & medium-to-full-bodied with medium acidity & tannins
Grape Varieties - Black - Merlot,Medium,What fruit flavors does Merlot have?,Flavors range from red fruits (strawberry red plum) to black fruits (blackberry black plum)
Grape Varieties - Black - Merlot,Medium,Is Merlot often matured in oak?,Often matured in oak giving vanilla aromas
Grape Varieties - Black - Merlot,Medium,Where is Merlot grown widely?,Grown widely: Ex: Chile & California to produce soft fruity wines
Grape Varieties - Black - Merlot,Medium,Is Merlot commonly blended with Cabernet Sauvignon?,Commonly blended w/ Cabernet Sauvignon to add tannins & acidity
Grape Varieties - Black - Merlot,Medium,Where is Merlot most famous?,Bordeaux most famous for this but common elsewhere
Grape Varieties - Black - Pinot Noir,Medium,What kind of wine is Pinot Noir?,Tend to be dry & light-to-medium-bodied (ex: Beaujolais)
Grape Varieties - Black - Pinot Noir,Medium,What is the tannin and acidity level of Pinot Noir?,Low to medium tannins & high acidity
Grape Varieties - Black - Pinot Noir,Medium,What fruit flavors does Pinot Noir have?,Flavors of red fruit (strawberry red cherry raspberry) & often matured in oak which can give smoke & vanilla aromas
Grape Varieties - Black - Pinot Noir,Medium,Where is Pinot Noir largely used?,Grape used for red Burgundy & is the principal black grape in New Zealand
Grape Varieties - Black - Pinot Noir,Medium,Is Pinot Noir usually blended when making red wine?,Not usually blended if making red wine
Grape Varieties - Black - Pinot Noir,Medium,Can Pinot Noir be used with Chardonnay to make Champagne?,Can be used with Chardonnay to make Champagne
Grape Varieties - Black - Syrah/Shiraz,Medium,What is Syrah known as in France and Australia?,"Known as ""Syrah"" in France & ""Shiraz"" in Australia"
Grape Varieties - Black - Syrah/Shiraz,Medium,What kind of wine does Syrah/Shiraz produce?,Produces dry wines that are medium-to-full-bodied w/ medium to high tannins & medium acidity
Grape Varieties - Black - Syrah/Shiraz,Medium,What fruit flavors does Syrah/Shiraz have?,Typically flavors of black fruits (blackberry black cherry) w/ spice (black pepper licorice)
Grape Varieties - Black - Syrah/Shiraz,Medium,Is Syrah/Shiraz many matured in oak?,Many are matured in oak to give flavors of vanilla or coconut
Grape Varieties - Black - Syrah/Shiraz,Medium,Where can Syrah/Shiraz produce medium-bodied wines?,Northern Rhône in France can produce wines that are medium-bodied u/ fresh black fruit (blackberry) & black pepper aromas
Grape Varieties - Black - Syrah/Shiraz,Medium,Where can Syrah/Shiraz produce full-bodied wines?,Warm regions in Australia can produce full-bodied wines w/ jammy black fruit (black cherry) & licorice flavors
Regional Examples - Champagne,Easy,What type of wine is Champagne?,French sparkling wine made from Chardonnay & Pinot Noir
Regional Examples - Champagne,Easy,What is Champagne typically like?,Typically dry & has high acidity w/ aromas of green fruits (apple) & citrus (lemon) & notes of toasted bread (ex: brioche)
Regional Examples - Sancerre,Easy,What type of wine is Sancerre?,French white wine that is dry & medium-bodied
Regional Examples - Sancerre,Easy,What is Sancerre typically like?,Typically unoaked w/ high acidity
Regional Examples - Sancerre,Easy,What grape and aromas does Sancerre have?,"Pronounced green fruit (apple) & herbaceous (grass) aromas, made from Sauvignon Blanc"
Regional Examples - Chablis,Easy,What type of wine is Chablis?,Dry light-to-medium-bodied French white wine
Regional Examples - Chablis,Easy,What is Chablis typically like?,Unoaked w/ high acidity
Regional Examples - Chablis,Easy,What grape and aromas does Chablis have?,"Green fruit (apple) & citrus (lemon) aromas, made from Chardonnay"
Regional Examples - Burgundy - White,Easy,What region is Burgundy from?,Come from Burgundy/Bourgogne area of France
Regional Examples - Burgundy - White,Medium,What can Burgundy white wines be?,Either be white or red
Regional Examples - Burgundy - White,Medium,What are white Burgundy wines made from?,White wines are made from Chardonnay & can be oaked or un-oaked
Regional Examples - Burgundy - White,Medium,What are dry Burgundy white wines like?,"Dry, medium-bodied, & often show riper fruit flavors than Chablis such as citrus (lemon) & stone fruit (peach)"
Regional Examples - Burgundy - Red,Medium,What are red Burgundy wines made from?,Red wines are made from Pinot Noir & are dry
Regional Examples - Burgundy - Red,Medium,What are red Burgundy wines like?,"Tend to have low to medium tannins & be light-to-medium-bodied w/ high acidity. Flavors of red fruits (raspberry, red cherry) & sometimes vanilla/smoke from oak"
Regional Examples - Burgundy - Red,Easy,What is the French word for Burgundy?,"The French word for Burgundy is """"Bourgogne"""" & can be used on white or red wine labels"
Regional Examples - Bordeaux,Easy,What region is Bordeaux from?,Bordeaux region of France
Regional Examples - Bordeaux,Medium,What are most Bordeaux wines like?,"Most often red, with high acidity & tannins"
Regional Examples - Bordeaux,Medium,What are Bordeaux wines typically like?,"Dry & medium-to-full-bodied w/ aromas of black fruits (blackberry, black currant) & cedar notes from oak"
Regional Examples - Bordeaux,Easy,What is Bordeaux typically a blend of?,Typically a blend of Cabernet Sauvignon & Merlot
Regional Examples - Prosecco,Easy,What type of wine is Prosecco?,Light-bodied sparkling white wine from Italy
Regional Examples - Prosecco,Medium,What fruit and sweetness does Prosecco have?,Green fruit (pear) & floral aromas. Dry or medium in sweetness
Regional Examples - Cava,Easy,What type of wine is Cava?,Dry sparkling wine from Spain
Regional Examples - Cava,Medium,What fruit and citrus does Cava have?,Green fruit (apple) & citrus (lemon) flavors
Regional Examples - White Zinfandel,Easy,What type of wine is White Zinfandel?,Rosé wine from California
Regional Examples - White Zinfandel,Easy,What is White Zinfandel like?,"Unoaked, low alcohol, medium level of sweetness, & flavors of red fruits (strawberry & raspberry)"
Regional Examples - Beaujolais,Easy,What type of wine is Beaujolais?,Dry light-bodied red wine from France that is unoaked w/ fresh flavors of red fruits (raspberry red cherry) & low tannins
Regional Examples - Côtes du Rhône,Easy,What type of wine is Côtes du Rhône?,Dry medium-bodied red wine from France w/ red fruit (strawberry red plum) & white pepper flavors
Regional Examples - Côtes du Rhône,Easy,Is Côtes du Rhône unoaked or oaked?,Unoaked or oaked
Regional Examples - Chianti,Easy,What type of wine is Chianti?,Dry medium-bodied Italian red wine w/ high tannin & acidity
Regional Examples - Chianti,Medium,What flavors does Chianti have?,"Red fruit (red cherry, red plum) flavors, dried herb notes, & sometimes clove aromas from oak"
Regional Examples - Rioja,Easy,What type of wine is Rioja?,Dry medium-to-full-bodied red wine from Spain that typically has red fruit (strawberry) & vanilla flavors from oak
Regional Examples - Châteauneuf-du-Pape,Easy,What type of wine is Châteauneuf-du-Pape?,Dry full-bodied high alcohol red wine from France w/ red fruit (strawberry) & clove flavors from oak
Regional Examples - Sauternes,Easy,What type of wine is Sauternes?,Sweet white wine made in Bordeaux
Regional Examples - Sauternes,Easy,What is Sauternes like?,"Full-bodied w/ flavors of stone fruits (apricot), vanilla (from oak), & honey, & a balancing high acidity"
Regional Examples - Sherry,Easy,What type of wine is Sherry?,Fortified white wine from Spain
Regional Examples - Sherry,Easy,What is Sherry made in?,Made in a range of styles & can be dry medium or sweet
Regional Examples - Port,Easy,What type of wine is Port?,Fortified wine from Portugal
Regional Examples - Port,Easy,What is Port like?,"Sweet & high in alcohol, & made in a range of styles"
Regional Examples - Port,Easy,What are typical Port characteristics?,"Typically, they are red, full-bodied, w/ high tannins & black fruit (blackberry) flavors"
Storage - General,Medium,What are ideal storage conditions?,"Temperature, Light, Position of Bottle"
Storage - Preserving,Medium,What are methods for preserving wine?,Vacuum system & Blanket system
Service - Temperature - White/Rosé,Medium,At what temperature should white and rosé wines be served?,White and Rosé: well chilled
Service - Temperature - Sparkling,Medium,At what temperature should sparkling wines be served?,Sparkling: well chilled
Service - Temperature - Sweet,Medium,At what temperature should sweet wines be served?,Sweet: well chilled (43-48°F or 6-8°C)
Service - Temperature - Light & Medium Whites,Medium,At what temperature should light & medium-bodied white & rosé wines be served?,Light & medium-bodied white & rosé (ex: Pinot Grigio): chilled (45-50°F or 7-10°C)
Service - Temperature - Full-Bodied Whites,Medium,At what temperature should full-bodied whites be served?,Full-bodied: lightly chilled (ex: oaked Chardonnay): lightly chilled (50-55°F or 10-13°C)
Service - Temperature - Light-Bodied Reds,Medium,At what temperature should light-bodied reds be served?,Light-bodied red (ex: Beaujolais): lightly chilled (55°F or 13°C)
Service - Temperature - Medium & Full-Bodied Reds,Medium,At what temperature should medium-to-full-bodied reds be served?,Medium-to-full-bodied red (Ex: Shiraz): room temp (59-64°F or 15-18°C)
Service - Temperature - General Red,Medium,At what temperature should light-bodied reds be served generally?,Light-bodied red (ex: Beaujolais): lightly chilled (55°F or 13°C)
Storage - Keeping Wine Open,Medium,What should be used to keep wine chilled once opened?,To keep wine chilled once opened use insulated container or ice bucket w/ both ice & cold water in it
Storage - Keeping Wine Open,Medium,Should wine be heated?,Do not heat wine but let temp rise naturally
Storage - Long-term,Medium,What happens to wine in long-term storage?,Will slowly start to stale as soon as it is opened
Storage - Long-term,Hard,How should wine be stored in fridge?,Keep wine in fridge w/ cork
Storage - Long-term,Medium,What are vacuum systems for wine?,Rely on a pump to remove air from inside the bottle
Storage - Long-term,Medium,What are blanket systems for wine?,Pump a gas into the bottle which pushes air out of the bottle
Storage - Long-term,Medium,Does the gas in blanket systems harm wine?,The gas will not harm the wine
Glassware,Medium,What shape should the bowl of wine glass be?,Narrow at the rim. Allows for concentrated aromas
Glassware,Medium,Are red wine glasses larger than white wine glasses?,Typically red wine glasses are slightly larger than white wine glasses
Glassware,Medium,What is sparkling wine served in?,Sparkling wine served in flutes
Glassware,Medium,Should glassware be polished before use?,Polish glassware before use
Opening Wine - Still,Hard,How do you open a bottle of still wine with a cork?,Remove top of capsule w/ capsule remover or corkscrew → Clean neck of bottle w/ cloth → Center corkscrew on cork screw in & remove gently
Opening Wine - Still,Hard,What should you do once cork is removed?,Once cork is removed wipe inside & outside of neck w/ a cloth
Opening Wine - Sparkling,Medium,Is there a lot of pressure in a bottle of sparkling wine?,There is a lot of pressure in a bottle of sparkling wine
Opening Wine - Sparkling,Medium,Does chilling help reduce pressure in sparkling wine?,Chilling helps reduce pressure but not all
Opening Wine - Sparkling,Medium,What should always be in your hand when opening sparkling wine?,From the time you remove the wire cage the cork should always be in your hand
Opening Wine - Sparkling,Hard,How do you open sparkling wine?,Remove foil & loosen wire → Hold bottle at an angle. Hold cork in one hand & base of the bottle in the other. Holding the cork turn the bottle
Serving Wine - Appearance,Medium,What should you check in wine appearance?,Should not be hazy
Serving Wine - Appearance,Medium,What should you check for floating in wine?,Check that there are not bits floating in the wine
Serving Wine - Aroma,Medium,What should wine aroma not smell like?,Check aroma. Should not smell stale like cardboard or vinegar
Keeping Wine Fresh - General,Medium,Will wine slowly start to stale as soon as it is opened?,Will slowly start to stale as soon as it is opened
Keeping Wine Fresh - General,Hard,How should opened wine be stored?,Keep wine in fridge w/ cork
Keeping Wine Fresh - Vacuum,Medium,What do vacuum systems rely on?,Rely on a pump to remove air from inside the bottle
Keeping Wine Fresh - Blanket,Medium,What do blanket systems pump into the bottle?,Pump a gas into the bottle which pushes air out of the bottle
Keeping Wine Fresh - Blanket,Medium,Will the gas harm the wine?,The gas will not harm the wine
Tasting - Preparation,Medium,Should there be distracting smells when tasting?,No distracting smells
Tasting - Preparation,Medium,What surface helps assess appearance?,White surface to help assess appearance of the wine
Tasting - Preparation,Medium,What type of glass should be used for tasting?,Glass w/ wide bowl that narrows at the top
Tasting - Preparation,Medium,Should palate be clean before tasting?,Clean palate (no lingering toothpaste coffee etc.)
Food Pairing - Sweet Food,Hard,How does sweet food affect wine?,"The wine seems more dry & bitter, more acidic, less sweet & less fruity"
Food Pairing - Umami Food,Hard,How does umami food affect wine?,"The wine seems more dry & bitter, more acidic, less sweet & less fruity"
Food Pairing - Salty Food,Hard,How does salty food affect wine?,"The wine seems less dry & bitter, less acidic, more fruity, more full body"
Food Pairing - Acidic Food,Hard,How does acidic food affect wine?,"The wine seems less dry & bitter, less acidic, more sweet & fruity"
Food Pairing - Highly Flavored,Medium,How does highly flavored food affect wine?,The wine might be overwhelmed
Food Pairing - Fatty,Medium,How does fatty food affect wine?,The wine seems less acidic
Food Pairing - Hot/Chili,Medium,How does hot (chili) food affect wine?,The wine seems to increase the heat from the chili & alcohol seems more apparent
Food Pairing - Bitterness,Medium,Where can bitterness in wine come from?,Bitterness in wine can come from tannins or oak
Assessment - Wine Types,Easy,What are the types of wine for assessment?,"Still, Sparkling, Fortified"
Assessment - Characteristics,Medium,What are the characteristics used to assess wine?,"Color (white, red, rosé), Structural (sweetness, acidity, tannin, alcohol, body), Typical aromas/flavors (fruit, oak, other), Styles"
Assessment - Principal Varieties - White,Medium,What are the principal white grape varieties?,"Chardonnay, Sauvignon Blanc, Pinot Grigio, Riesling"
Assessment - Principal Varieties - Black,Medium,What are the principal black grape varieties?,"Cabernet Sauvignon, Merlot, Pinot Noir, Syrah/Shiraz"
Assessment - Regional Examples - White,Easy,What are examples of white wines from principal grape varieties & regions?,"Sancerre, Chablis, Burgundy-white"
Assessment - Regional Examples - Red,Easy,What are examples of red wines from principal grape varieties & regions?,"Burgundy-red, Bordeaux"
Assessment - Regional Examples - Sparkling,Easy,What are examples of sparkling wines from principal grape varieties & regions?,Champagne
Assessment - Other Examples - White,Medium,What are other examples of white wines?,Sauternes
Assessment - Other Examples - Rosé,Medium,What are other examples of rosé wines?,White Zinfandel
Assessment - Other Examples - Red,Medium,What are other examples of red wines?,"Beaujolais, Côtes du Rhône, Chianti, Rioja, Châteauneuf-du-Pape"
Assessment - Other Examples - Sparkling,Medium,What are other examples of sparkling wines?,"Prosecco, Cava"
Assessment - Other Examples - Fortified,Medium,What are other examples of fortified wines?,"Sherry, Port"
Wine Basics,Medium,What happens during fermentation?,Yeast converts sugar into alcohol and carbon dioxide
Wine Basics,Easy,What is ABV?,Alcohol By Volume - the measurement of alcohol content in wine
Growing Grapes,Easy,In what season are grapes harvested?,Late summer
Growing Grapes,Medium,What do grapes need from winter?,Cold enough to let vines rest
Climate - Cool,Hard,Why are cool climates suitable for white grapes?,Lower temperatures maintain higher acidity and lighter body
Climate - Warm,Hard,Why are warm climates suitable for black grapes?,Higher temperatures increase sugar levels and create riper flavors
Making Wine - White,Hard,Why is pressing done before fermentation for white wines?,To separate juice from skins to avoid color and tannin extraction
Making Wine - Red/Rosé,Hard,Why does fermentation happen before draining for red wines?,Skins need contact with juice during fermentation to extract color and tannins
Making Wine - Red/Rosé,Hard,How is rosé different from red wine in production?,Skins are removed after only a few hours instead of full fermentation
Wine Types - Still,Medium,What is the typical ABV for most still wines?,11.5-14% ABV
Wine Types - Fortified,Hard,How are fortified wines made?,Extra alcohol is added (high-strength alcohol added before or during fermentation)
Wine Styles - White,Hard,Can you make white wine from black grapes?,Yes - if skins are separated from juice before fermentation
Wine Styles - Structure - Sweetness,Medium,What makes a wine dry?,All or most sugar has been converted to alcohol by yeast
Wine Styles - Structure - Sweetness,Hard,What makes a wine sweet?,Fermentation stops before yeast eats all the sugar
Wine Styles - Structure - Acidity,Hard,Why is acidity important in wine?,Gives refreshing characteristic and helps balance sweetness
Wine Styles - Structure - Acidity,Medium,What happens if wine has too much acidity?,Tastes unpleasant
Wine Styles - Structure - Acidity,Medium,What happens if wine doesn't have enough acidity?,It's not refreshing
Wine Styles - Structure - Tannin,Medium,Where do tannins come from?,Skins of grapes (especially black grapes) and oak
Wine Styles - Structure - Tannin,Medium,What do tannins feel like?,Bitter taste but more of a feel - makes mouth dry
Wine Styles - Structure - Body,Hard,What determines a wine's body?,Combination of alcohol level structural elements and flavor intensity
Wine Styles - Structure - Body,Medium,What body would a wine with low alcohol and light flavors have?,Light-bodied
Wine Styles - Structure - Body,Medium,What body would a wine with high alcohol and intense flavors have?,Full-bodied
Aromas & Flavors - Fruit,Hard,How does climate affect fruit aromas?,Cool climates: green/citrus fruits; Warm climates: stone/tropical fruits
Aromas & Flavors - Oak,Medium,What flavors does oak maturation add?,"Cedar, cloves, coconut, smoke, vanilla"
Aromas & Flavors - Oak,Medium,Can oak be used for fermentation or just maturation?,Both - wine can be fermented OR matured in oak
Grape Varieties - White - Chardonnay,Hard,Why is Chardonnay so versatile?,Can be made in many styles from unoaked/light to oaked/full-bodied
Grape Varieties - White - Chardonnay,Hard,What happens to Chardonnay in cool vs warm climates?,Cool: high acid light-medium body green fruit/citrus; Warm: medium acid medium-full body stone/tropical fruit
Grape Varieties - White - Chardonnay,Hard,Where does Chablis come from?,The coolest part of Burgundy France
Grape Varieties - White - Chardonnay,Medium,Is Chablis typically oaked?,Typically unoaked
Grape Varieties - White - Sauvignon Blanc,Hard,What is distinctive about Sauvignon Blanc's acidity?,Refreshingly high acidity
Grape Varieties - White - Sauvignon Blanc,Hard,Why is Sauvignon Blanc often unoaked?,To retain its pronounced aromas
Grape Varieties - White - Sauvignon Blanc,Medium,What are herbaceous aromas?,"Grass, green bell pepper, asparagus"
Grape Varieties - White - Pinot Grigio,Medium,What is the typical style of Pinot Grigio?,Light-bodied dry simple with high acidity
Grape Varieties - White - Pinot Grigio,Medium,Is Pinot Grigio typically oaked?,Usually fermented in stainless steel not oak
Grape Varieties - White - Riesling,Hard,Can Riesling be both dry and sweet?,Yes - ranges from dry to sweet but always has high acidity
Grape Varieties - White - Riesling,Hard,How does acidity help sweet Riesling?,High acidity balances the sweetness
Grape Varieties - White - Riesling,Medium,What country is Riesling most associated with?,Germany
Grape Varieties - Black - Cabernet Sauvignon,Hard,What is distinctive about Cabernet Sauvignon's structure?,High tannins and high acidity
Grape Varieties - Black - Cabernet Sauvignon,Hard,Why is Cabernet Sauvignon often blended?,High tannins - blending with Merlot adds softness and body
Grape Varieties - Black - Cabernet Sauvignon,Hard,What does Merlot add to Cabernet Sauvignon?,Softness and body
Grape Varieties - Black - Cabernet Sauvignon,Medium,What does Shiraz add when blended with Cabernet Sauvignon?,Aromas of spice
Grape Varieties - Black - Merlot,Medium,What is Merlot's typical tannin level?,Medium tannins
Grape Varieties - Black - Merlot,Hard,What does Merlot add when blended with Cabernet Sauvignon?,Tannins and acidity (Wait - this seems wrong based on notes - Merlot adds softness to Cab Sauv)
Grape Varieties - Black - Merlot,Medium,Where is Merlot most famous?,Bordeaux France
Grape Varieties - Black - Pinot Noir,Hard,What is distinctive about Pinot Noir's body and tannins?,Light-to-medium-bodied with low to medium tannins
Grape Varieties - Black - Pinot Noir,Medium,What region is most famous for Pinot Noir?,Burgundy France
Grape Varieties - Black - Pinot Noir,Medium,Is Pinot Noir usually blended for red wine?,No - not usually blended when making red wine
Grape Varieties - Black - Pinot Noir,Medium,What sparkling wine uses Pinot Noir?,Champagne (mixed with Chardonnay)
Grape Varieties - Black - Syrah/Shiraz,Easy,What is Syrah called in Australia?,Shiraz
Grape Varieties - Black - Syrah/Shiraz,Easy,What is Shiraz called in France?,Syrah
Grape Varieties - Black - Syrah/Shiraz,Medium,What spice flavors are common in Syrah/Shiraz?,"Black pepper, licorice"
Grape Varieties - Black - Syrah/Shiraz,Hard,How does Syrah/Shiraz differ between France and Australia?,France (Northern Rhône): medium-bodied fresh black fruit; Australia: full-bodied jammy black fruit
Regional Examples - Champagne,Medium,What grapes are used in Champagne?,Chardonnay and Pinot Noir
Regional Examples - Champagne,Hard,What are typical aromas in Champagne?,"Green fruits (apple), citrus (lemon), toasted bread"
Regional Examples - Champagne,Medium,Is Champagne typically dry or sweet?,Typically dry
Regional Examples - Sancerre,Medium,What grape is Sancerre made from?,Sauvignon Blanc
Regional Examples - Sancerre,Medium,Is Sancerre oaked?,Typically unoaked
Regional Examples - Chablis,Medium,What grape is Chablis made from?,Chardonnay
Regional Examples - Chablis,Medium,Is Chablis oaked?,Typically unoaked
Regional Examples - Burgundy - White,Medium,What grape are white Burgundy wines made from?,Chardonnay
Regional Examples - Burgundy - White,Medium,Can white Burgundy be oaked?,Yes - can be oaked or unoaked
Regional Examples - Burgundy - Red,Medium,What grape are red Burgundy wines made from?,Pinot Noir
Regional Examples - Bordeaux,Hard,What grapes are typically blended in Bordeaux?,Cabernet Sauvignon and Merlot
Regional Examples - Bordeaux,Medium,Are most Bordeaux wines red or white?,Most often red
Regional Examples - Prosecco,Easy,What country is Prosecco from?,Italy
Regional Examples - Prosecco,Easy,Is Prosecco still or sparkling?,Sparkling
Regional Examples - Cava,Easy,What country is Cava from?,Spain
Regional Examples - White Zinfandel,Medium,What type of wine is White Zinfandel?,Rosé (not white despite the name)
Regional Examples - White Zinfandel,Easy,What country is White Zinfandel from?,California USA
Regional Examples - Beaujolais,Easy,What country/region is Beaujolais from?,France
Regional Examples - Beaujolais,Medium,Is Beaujolais oaked?,Unoaked
Regional Examples - Chianti,Easy,What country is Chianti from?,Italy
Regional Examples - Chianti,Medium,What is distinctive about Chianti's structure?,High tannin and high acidity
Regional Examples - Rioja,Easy,What country is Rioja from?,Spain
Regional Examples - Châteauneuf-du-Pape,Medium,What country/region is Châteauneuf-du-Pape from?,France
Regional Examples - Châteauneuf-du-Pape,Medium,What is distinctive about Châteauneuf-du-Pape?,Full-bodied with high alcohol
Regional Examples - Sauternes,Medium,What region is Sauternes from?,Bordeaux France
Regional Examples - Sauternes,Easy,Is Sauternes dry or sweet?,Sweet
Regional Examples - Sherry,Easy,What country is Sherry from?,Spain
Regional Examples - Sherry,Easy,Is Sherry still or fortified?,Fortified
Regional Examples - Port,Easy,What country is Port from?,Portugal
Regional Examples - Port,Medium,Is Port typically red or white?,Typically red
Glassware,Medium,Why should wine glasses be narrow at the rim?,Allows for concentrated aromas
Glassware,Medium,Why are red wine glasses larger than white wine glasses?,Allows more air contact and aroma development
Glassware,Easy,What type of glass is used for sparkling wine?,Flutes
Glassware,Easy,Why should glassware be polished?,To ensure it's clean and free of residue that could affect taste
Opening Wine - Still,Medium,What should you do before opening a still wine bottle?,Remove top of capsule and clean neck of bottle with cloth
Opening Wine - Still,Easy,What should you do after removing the cork?,Wipe inside and outside of neck with a cloth
Opening Wine - Sparkling,Medium,Why should sparkling wine be chilled before opening?,Helps reduce pressure (though not all)
Opening Wine - Sparkling,Hard,What should always be in your hand when opening sparkling wine?,The cork - from the time you remove wire cage
Opening Wine - Sparkling,Hard,Do you turn the cork or the bottle when opening sparkling wine?,Turn the bottle (while holding the cork)
Opening Wine - Sparkling,Medium,What angle should you hold the bottle when opening sparkling wine?,At an angle
Serving Wine - Appearance,Easy,What does it mean if wine is hazy?,Could indicate a problem with the wine
Serving Wine - Appearance,Easy,Should there be bits floating in wine?,No - check that there are not bits floating
Serving Wine - Aroma,Easy,What are bad aromas in wine?,"Stale, cardboard, vinegar"
Keeping Wine Fresh,Easy,When does wine start to stale?,Slowly starts to stale as soon as it is opened
Keeping Wine Fresh,Easy,Where should opened wine be kept?,In fridge with cork
Tasting - Preparation,Medium,Why use a white surface when tasting?,To help assess appearance of the wine
Tasting - Preparation,Medium,What type of glass is best for tasting?,Glass with wide bowl that narrows at the top
Tasting - Preparation,Medium,Why should you avoid toothpaste and coffee before tasting?,They linger on palate and affect taste perception
Food Pairing - Sweet Food,Hard,If food is sweet what happens to wine sweetness?,Wine seems less sweet
Food Pairing - Sweet Food,Hard,If food is sweet what happens to wine acidity?,Wine seems more acidic
Food Pairing - Sweet Food,Hard,If food is sweet what happens to wine bitterness?,Wine seems more bitter
Food Pairing - Umami Food,Hard,If food has umami what happens to wine sweetness?,Wine seems less sweet
Food Pairing - Umami Food,Hard,If food has umami what happens to wine fruitiness?,Wine seems less fruity
Food Pairing - Salty Food,Hard,If food is salty what happens to wine bitterness?,Wine seems less bitter
Food Pairing - Salty Food,Hard,If food is salty what happens to wine body?,Wine seems to have more body
Food Pairing - Acidic Food,Hard,If food is acidic what happens to wine acidity?,Wine seems less acidic
Food Pairing - Acidic Food,Hard,If food is acidic what happens to wine sweetness?,Wine seems more sweet
Food Pairing - Highly Flavored,Medium,What is the risk with highly flavored food?,Wine might be overwhelmed
Food Pairing - Fatty,Medium,What does fatty/oily food do to wine acidity?,Wine seems less acidic
Food Pairing - Hot/Chili,Hard,What does hot/spicy food do to alcohol perception?,Alcohol seems more apparent
Food Pairing - Hot/Chili,Hard,What does hot/spicy food do to heat perception?,Seems to increase the heat from the chili
Comparison - Chardonnay vs Sauvignon Blanc,Hard,Which is typically more aromatic - Chardonnay or Sauvignon Blanc?,Sauvignon Blanc has more pronounced aromas
Comparison - Chardonnay vs Sauvignon Blanc,Hard,Which is more likely to be oaked - Chardonnay or Sauvignon Blanc?,Chardonnay
Comparison - Cabernet Sauvignon vs Merlot,Hard,Which has higher tannins - Cabernet Sauvignon or Merlot?,Cabernet Sauvignon
Comparison - Cabernet Sauvignon vs Merlot,Medium,Which is softer - Cabernet Sauvignon or Merlot?,Merlot
Comparison - Pinot Noir vs Cabernet Sauvignon,Medium,Which is lighter-bodied - Pinot Noir or Cabernet Sauvignon?,Pinot Noir
Comparison - Pinot Noir vs Cabernet Sauvignon,Medium,Which has lower tannins - Pinot Noir or Cabernet Sauvignon?,Pinot Noir
Comparison - Cool vs Warm Climate,Hard,Which climate produces higher acidity?,Cool climate
Comparison - Cool vs Warm Climate,Hard,Which climate produces higher sugar levels?,Warm climate
Comparison - Cool vs Warm Climate,Medium,Which climate is better for white grapes?,Cool climate
Comparison - Cool vs Warm Climate,Medium,Which climate is better for black grapes?,Warm climate
Identification - By Color,Medium,If a wine is golden what type is it likely?,White wine
Identification - By Color,Medium,If a wine is purple what type is it likely?,Young red/black grape wine
Identification - By Acidity,Easy,If a wine makes your mouth water what does it have?,High acidity
Identification - By Tannin,Easy,If a wine makes your mouth dry what does it have?,Tannins (from skins or oak)
Identification - By Body,Medium,If a wine feels thick and syrupy what characteristic does it have?,Full-bodied and/or sweet
Identification - By Aroma,Hard,If you smell green apple what grape might it be?,"Chardonnay (cool climate), Sauvignon Blanc, or Riesling"
Identification - By Aroma,Hard,If you smell blackcurrant what grape might it be?,Cabernet Sauvignon
Identification - By Aroma,Hard,If you smell black pepper/spice what grape might it be?,Syrah/Shiraz
Identification - By Aroma,Medium,If you smell vanilla or coconut what does it indicate?,Oak maturation
Identification - By Aroma,Hard,If you smell grass or green bell pepper what grape might it be?,Sauvignon Blanc or Cabernet Sauvignon
